{
  "Artist Page" : {
    "transaction" : "Artist Page",
    "sampleCount" : 20,
    "errorCount" : 0,
    "errorPct" : 0.0,
    "meanResTime" : 931.05,
    "medianResTime" : 955.0,
    "minResTime" : 433.0,
    "maxResTime" : 2013.0,
    "pct1ResTime" : 1635.9000000000005,
    "pct2ResTime" : 1995.7499999999998,
    "pct3ResTime" : 2013.0,
    "throughput" : 7.518796992481203,
    "receivedKBytesPerSec" : 447.3012364896616,
    "sentKBytesPerSec" : 1.0499882518796992
  },
  "WebPlayer Page " : {
    "transaction" : "WebPlayer Page ",
    "sampleCount" : 20,
    "errorCount" : 0,
    "errorPct" : 0.0,
    "meanResTime" : 495.20000000000005,
    "medianResTime" : 376.0,
    "minResTime" : 320.0,
    "maxResTime" : 1212.0,
    "pct1ResTime" : 1123.0000000000002,
    "pct2ResTime" : 1208.1,
    "pct3ResTime" : 1212.0,
    "throughput" : 9.601536245799329,
    "receivedKBytesPerSec" : 303.04239303288523,
    "sentKBytesPerSec" : 1.068921027364378
  },
  "Total" : {
    "transaction" : "Total",
    "sampleCount" : 100,
    "errorCount" : 0,
    "errorPct" : 0.0,
    "meanResTime" : 736.4100000000001,
    "medianResTime" : 687.0,
    "minResTime" : 148.0,
    "maxResTime" : 2013.0,
    "pct1ResTime" : 1346.9,
    "pct2ResTime" : 1505.7999999999997,
    "pct3ResTime" : 2009.7099999999982,
    "throughput" : 21.043771043771045,
    "receivedKBytesPerSec" : 1344.7395093513258,
    "sentKBytesPerSec" : 3.037372422138047
  },
  "Album Page" : {
    "transaction" : "Album Page",
    "sampleCount" : 20,
    "errorCount" : 0,
    "errorPct" : 0.0,
    "meanResTime" : 496.00000000000006,
    "medianResTime" : 541.5,
    "minResTime" : 148.0,
    "maxResTime" : 1047.0,
    "pct1ResTime" : 802.3000000000001,
    "pct2ResTime" : 1034.85,
    "pct3ResTime" : 1047.0,
    "throughput" : 7.698229407236336,
    "receivedKBytesPerSec" : 338.64729178695154,
    "sentKBytesPerSec" : 1.0675279060816012
  },
  "Log In" : {
    "transaction" : "Log In",
    "sampleCount" : 20,
    "errorCount" : 0,
    "errorPct" : 0.0,
    "meanResTime" : 702.1499999999999,
    "medianResTime" : 423.5,
    "minResTime" : 216.0,
    "maxResTime" : 1483.0,
    "pct1ResTime" : 1425.5,
    "pct2ResTime" : 1480.3999999999999,
    "pct3ResTime" : 1483.0,
    "throughput" : 9.254974548819991,
    "receivedKBytesPerSec" : 37.57121992133271,
    "sentKBytesPerSec" : 1.7624219111522443
  },
  "Playlist Page" : {
    "transaction" : "Playlist Page",
    "sampleCount" : 20,
    "errorCount" : 0,
    "errorPct" : 0.0,
    "meanResTime" : 1057.65,
    "medianResTime" : 1048.0,
    "minResTime" : 685.0,
    "maxResTime" : 1684.0,
    "pct1ResTime" : 1551.1000000000001,
    "pct2ResTime" : 1677.6,
    "pct3ResTime" : 1684.0,
    "throughput" : 6.045949214026602,
    "receivedKBytesPerSec" : 1090.733520064994,
    "sentKBytesPerSec" : 0.8561158555018138
  }
}