{
  "account over view" : {
    "transaction" : "account over view",
    "sampleCount" : 20,
    "errorCount" : 0,
    "errorPct" : 0.0,
    "meanResTime" : 11696.749999999998,
    "minResTime" : 11530.0,
    "maxResTime" : 11889.0,
    "pct1ResTime" : 11888.1,
    "pct2ResTime" : 11889.0,
    "pct3ResTime" : 11889.0,
    "throughput" : 1.667778519012675,
    "receivedKBytesPerSec" : 8.384495913942628,
    "sentKBytesPerSec" : 0.5602693462308205
  },
  "Go premium-1" : {
    "transaction" : "Go premium-1",
    "sampleCount" : 20,
    "errorCount" : 0,
    "errorPct" : 0.0,
    "meanResTime" : 333.1,
    "minResTime" : 251.0,
    "maxResTime" : 406.0,
    "pct1ResTime" : 381.9,
    "pct2ResTime" : 404.79999999999995,
    "pct3ResTime" : 406.0,
    "throughput" : 31.055900621118013,
    "receivedKBytesPerSec" : 128.27694342003105,
    "sentKBytesPerSec" : 6.793478260869565
  },
  "Go premium-0" : {
    "transaction" : "Go premium-0",
    "sampleCount" : 20,
    "errorCount" : 0,
    "errorPct" : 0.0,
    "meanResTime" : 413.5999999999999,
    "minResTime" : 314.0,
    "maxResTime" : 695.0,
    "pct1ResTime" : 505.80000000000007,
    "pct2ResTime" : 685.7499999999999,
    "pct3ResTime" : 695.0,
    "throughput" : 28.77697841726619,
    "receivedKBytesPerSec" : 69.13219424460432,
    "sentKBytesPerSec" : 6.941321942446043
  },
  "Home page" : {
    "transaction" : "Home page",
    "sampleCount" : 20,
    "errorCount" : 0,
    "errorPct" : 0.0,
    "meanResTime" : 1791.3000000000002,
    "minResTime" : 1375.0,
    "maxResTime" : 2206.0,
    "pct1ResTime" : 2186.7,
    "pct2ResTime" : 2205.05,
    "pct3ResTime" : 2206.0,
    "throughput" : 8.798944126704795,
    "receivedKBytesPerSec" : 422.66424122855256,
    "sentKBytesPerSec" : 1.082682578090629
  },
  "Go premium" : {
    "transaction" : "Go premium",
    "sampleCount" : 20,
    "errorCount" : 0,
    "errorPct" : 0.0,
    "meanResTime" : 746.7500000000001,
    "minResTime" : 616.0,
    "maxResTime" : 998.0,
    "pct1ResTime" : 841.1,
    "pct2ResTime" : 990.1999999999998,
    "pct3ResTime" : 998.0,
    "throughput" : 20.04008016032064,
    "receivedKBytesPerSec" : 130.91906469188376,
    "sentKBytesPerSec" : 9.217654058116233
  },
  "Sign up" : {
    "transaction" : "Sign up",
    "sampleCount" : 20,
    "errorCount" : 0,
    "errorPct" : 0.0,
    "meanResTime" : 1470.5,
    "minResTime" : 1022.0,
    "maxResTime" : 1790.0,
    "pct1ResTime" : 1767.9,
    "pct2ResTime" : 1789.35,
    "pct3ResTime" : 1790.0,
    "throughput" : 10.245901639344261,
    "receivedKBytesPerSec" : 718.1436507428278,
    "sentKBytesPerSec" : 10.085809426229508
  },
  "web player" : {
    "transaction" : "web player",
    "sampleCount" : 20,
    "errorCount" : 0,
    "errorPct" : 0.0,
    "meanResTime" : 765.05,
    "minResTime" : 665.0,
    "maxResTime" : 835.0,
    "pct1ResTime" : 832.1,
    "pct2ResTime" : 834.9,
    "pct3ResTime" : 835.0,
    "throughput" : 22.650056625141563,
    "receivedKBytesPerSec" : 713.3363267978482,
    "sentKBytesPerSec" : 2.6764227066817665
  },
  "account over view-0" : {
    "transaction" : "account over view-0",
    "sampleCount" : 20,
    "errorCount" : 0,
    "errorPct" : 0.0,
    "meanResTime" : 377.3,
    "minResTime" : 264.0,
    "maxResTime" : 601.0,
    "pct1ResTime" : 567.9000000000001,
    "pct2ResTime" : 599.65,
    "pct3ResTime" : 601.0,
    "throughput" : 22.88329519450801,
    "receivedKBytesPerSec" : 22.21288615560641,
    "sentKBytesPerSec" : 3.195616418764302
  },
  "Total" : {
    "transaction" : "Total",
    "sampleCount" : 260,
    "errorCount" : 0,
    "errorPct" : 0.0,
    "meanResTime" : 2337.065384615382,
    "minResTime" : 98.0,
    "maxResTime" : 11889.0,
    "pct1ResTime" : 11399.8,
    "pct2ResTime" : 11633.6,
    "pct3ResTime" : 11883.51,
    "throughput" : 15.153281268213078,
    "receivedKBytesPerSec" : 283.0535500932509,
    "sentKBytesPerSec" : 4.431469649726075
  },
  "account over view-1" : {
    "transaction" : "account over view-1",
    "sampleCount" : 20,
    "errorCount" : 0,
    "errorPct" : 0.0,
    "meanResTime" : 11318.199999999999,
    "minResTime" : 10977.0,
    "maxResTime" : 11456.0,
    "pct1ResTime" : 11427.8,
    "pct2ResTime" : 11454.6,
    "pct3ResTime" : 11456.0,
    "throughput" : 1.7350568231109569,
    "receivedKBytesPerSec" : 7.038501995315347,
    "sentKBytesPerSec" : 0.3405726771926781
  },
  "Sign up-3" : {
    "transaction" : "Sign up-3",
    "sampleCount" : 20,
    "errorCount" : 0,
    "errorPct" : 0.0,
    "meanResTime" : 540.7,
    "minResTime" : 332.0,
    "maxResTime" : 661.0,
    "pct1ResTime" : 656.0,
    "pct2ResTime" : 660.8,
    "pct3ResTime" : 661.0,
    "throughput" : 17.873100983020553,
    "receivedKBytesPerSec" : 1180.8115504915104,
    "sentKBytesPerSec" : 4.363550044682753
  },
  "Sign up-0" : {
    "transaction" : "Sign up-0",
    "sampleCount" : 20,
    "errorCount" : 0,
    "errorPct" : 0.0,
    "meanResTime" : 374.6,
    "minResTime" : 269.0,
    "maxResTime" : 550.0,
    "pct1ResTime" : 501.30000000000007,
    "pct2ResTime" : 547.8,
    "pct3ResTime" : 550.0,
    "throughput" : 27.210884353741495,
    "receivedKBytesPerSec" : 31.2765731292517,
    "sentKBytesPerSec" : 7.01530612244898
  },
  "Sign up-1" : {
    "transaction" : "Sign up-1",
    "sampleCount" : 20,
    "errorCount" : 0,
    "errorPct" : 0.0,
    "meanResTime" : 412.49999999999994,
    "minResTime" : 277.0,
    "maxResTime" : 558.0,
    "pct1ResTime" : 544.1000000000001,
    "pct2ResTime" : 557.55,
    "pct3ResTime" : 558.0,
    "throughput" : 22.988505747126435,
    "receivedKBytesPerSec" : 32.933728448275865,
    "sentKBytesPerSec" : 5.477729885057471
  },
  "Sign up-2" : {
    "transaction" : "Sign up-2",
    "sampleCount" : 20,
    "errorCount" : 0,
    "errorPct" : 0.0,
    "meanResTime" : 141.50000000000003,
    "minResTime" : 98.0,
    "maxResTime" : 222.0,
    "pct1ResTime" : 188.90000000000003,
    "pct2ResTime" : 220.39999999999998,
    "pct3ResTime" : 222.0,
    "throughput" : 30.165912518853695,
    "receivedKBytesPerSec" : 43.51079374057315,
    "sentKBytesPerSec" : 7.364724736048265
  }
}